{"cameraMode":{"drawMode":0,"name":"Shaded","section":"Shading Mode"},"sceneLighting":true,"audioPlay":false,"sceneViewState":{"m_AlwaysRefresh":false,"showFog":true,"showSkybox":true,"showFlares":true,"showImageEffects":true,"showParticleSystems":true,"showVisualEffectGraphs":true,"m_FxEnabled":true},"in2DMode":false,"pivot":{"x":-18.130311965942384,"y":2.8433291912078859,"z":-1.7657068967819214},"rotation":{"x":0.022915134206414224,"y":0.7415951490402222,"z":0.025364605709910394,"w":-0.6699671149253845},"size":9.428291320800782,"orthographic":false}